date,group,title,id,percent,target_date,target_start_date,target_completion_date,phase,effort,impact,priority_total
5/6/2026,Access & Reporting,Accounting/ Finance Reporting,accounting-finance-reporting,10,10/16/2026,8/3/2026,10/16/2026,3,2.5,2.5,5
5/6/2026,Access & Reporting,Leadership Reporting,leadership-reporting,10,10/16/2026,8/3/2026,10/16/2026,3,3,3,6
5/6/2026,Access & Reporting,Sales Reporting,sales-reporting,10,9/4/2026,8/3/2026,9/4/2026,3,3,3,6
5/6/2026,CRM Processes,FDD processes,fdd-processes,75,6/26/2026,6/15/2026,6/26/2026,5,3,2.5,5.5
5/6/2026,CRM Processes,Organization Hierarchy tracking (RLS),organization-hierarchy-tracking-rls,40,8/7/2026,6/15/2026,8/7/2026,3,2,3,5
5/6/2026,Data Integration,Attachments,attachments,10,,,,5,3,1,4
5/6/2026,Data Integration,Direct data connections,direct-data-connections,10,9/4/2026,8/3/2026,9/4/2026,5,1.5,1.5,3
5/6/2026,Data Integration,Finance integration,finance-integration,10,9/4/2026,8/3/2026,9/4/2026,2,2,2.5,4.5
5/6/2026,Data Integration,Innovation team integration,innovation-team-integration,10,9/25/2026,8/3/2026,9/25/2026,2,2,2.5,4.5
5/13/2026,Access & Reporting,Accounting/ Finance Reporting,accounting-finance-reporting,20,10/16/2026,8/3/2026,10/16/2026,3,2.5,2.5,5
5/13/2026,Access & Reporting,Leadership Reporting,leadership-reporting,20,10/16/2026,8/3/2026,10/16/2026,3,3,3,6
5/13/2026,Access & Reporting,Sales Reporting,sales-reporting,20,9/4/2026,8/3/2026,9/4/2026,3,3,3,6
5/13/2026,CRM Processes,FDD processes,fdd-processes,90,6/26/2026,6/15/2026,6/26/2026,5,3,2.5,5.5
5/13/2026,CRM Processes,Organization Hierarchy tracking (RLS),organization-hierarchy-tracking-rls,45,8/7/2026,6/15/2026,8/7/2026,3,2,3,5
5/13/2026,Data Integration,Attachments,attachments,10,,,,5,3,1,4
5/13/2026,Data Integration,Direct data connections,direct-data-connections,20,9/4/2026,8/3/2026,9/4/2026,5,1.5,1.5,3
5/13/2026,Data Integration,Finance integration,finance-integration,20,9/4/2026,8/3/2026,9/4/2026,2,2,2.5,4.5
5/13/2026,Data Integration,Innovation team integration,innovation-team-integration,20,9/25/2026,8/3/2026,9/25/2026,2,2,2.5,4.5
5/20/2026,Access & Reporting,Accounting/ Finance Reporting,accounting-finance-reporting,25,10/16/2026,8/3/2026,10/16/2026,3,2.5,2.5,5
5/20/2026,Access & Reporting,Leadership Reporting,leadership-reporting,25,10/16/2026,8/3/2026,10/16/2026,3,3,3,6
5/20/2026,Access & Reporting,Sales Reporting,sales-reporting,25,9/4/2026,8/3/2026,9/4/2026,3,3,3,6
5/20/2026,CRM Processes,FDD processes,fdd-processes,95,6/26/2026,6/15/2026,6/26/2026,5,3,2.5,5.5
5/20/2026,CRM Processes,Organization Hierarchy tracking (RLS),organization-hierarchy-tracking-rls,45,8/7/2026,6/15/2026,8/7/2026,3,2,3,5
5/20/2026,Data Integration,Attachments,attachments,95,,,,5,3,1,4
5/20/2026,Data Integration,Direct data connections,direct-data-connections,25,9/4/2026,8/3/2026,9/4/2026,5,1.5,1.5,3
5/20/2026,Data Integration,Finance integration,finance-integration,25,9/4/2026,8/3/2026,9/4/2026,2,2,2.5,4.5
5/20/2026,Data Integration,Innovation team integration,innovation-team-integration,25,9/25/2026,8/3/2026,9/25/2026,2,2,2.5,4.5
5/27/2026,Access & Reporting,Accounting/ Finance Reporting,accounting-finance-reporting,25,10/16/2026,8/3/2026,10/16/2026,3,2.5,2.5,5
5/27/2026,Access & Reporting,Leadership Reporting,leadership-reporting,25,10/16/2026,8/3/2026,10/16/2026,3,3,3,6
5/27/2026,Access & Reporting,Sales Reporting,sales-reporting,25,9/4/2026,8/3/2026,9/4/2026,3,3,3,6
5/27/2026,CRM Processes,FDD processes,fdd-processes,95,6/26/2026,6/15/2026,6/26/2026,5,3,2.5,5.5
5/27/2026,CRM Processes,Organization Hierarchy tracking (RLS),organization-hierarchy-tracking-rls,45,8/7/2026,6/15/2026,8/7/2026,3,2,3,5
5/27/2026,Data Integration,Attachments,attachments,95,,,,5,3,1,4
5/27/2026,Data Integration,Direct data connections,direct-data-connections,35,9/4/2026,8/3/2026,9/4/2026,5,1.5,1.5,3
5/27/2026,Data Integration,Finance integration,finance-integration,35,9/4/2026,8/3/2026,9/4/2026,2,2,2.5,4.5
5/27/2026,Data Integration,Innovation team integration,innovation-team-integration,35,9/25/2026,8/3/2026,9/25/2026,2,2,2.5,4.5
6/3/2026,Access & Reporting,Accounting/ Finance Reporting,accounting-finance-reporting,25,10/16/2026,8/3/2026,10/16/2026,3,2.5,2.5,5
6/3/2026,Access & Reporting,Leadership Reporting,leadership-reporting,25,10/16/2026,8/3/2026,10/16/2026,3,3,3,6
6/3/2026,Access & Reporting,Sales Reporting,sales-reporting,25,9/4/2026,8/3/2026,9/4/2026,3,3,3,6
6/3/2026,CRM Processes,FDD processes,fdd-processes,95,6/26/2026,6/15/2026,6/26/2026,5,3,2.5,5.5
6/3/2026,CRM Processes,Organization Hierarchy tracking (RLS),organization-hierarchy-tracking-rls,45,8/7/2026,6/15/2026,8/7/2026,3,2,3,5
6/3/2026,Data Integration,Attachments,attachments,95,,,,5,3,1,4
6/3/2026,Data Integration,Direct data connections,direct-data-connections,70,9/4/2026,8/3/2026,9/4/2026,5,1.5,1.5,3
6/3/2026,Data Integration,Finance integration,finance-integration,40,9/4/2026,8/3/2026,9/4/2026,2,2,2.5,4.5
6/3/2026,Data Integration,Innovation team integration,innovation-team-integration,40,9/25/2026,8/3/2026,9/25/2026,2,2,2.5,4.5
6/10/2026,Access & Reporting,Accounting/ Finance Reporting,accounting-finance-reporting,25,10/16/2026,8/3/2026,10/16/2026,3,2.5,2.5,5
6/10/2026,Access & Reporting,Leadership Reporting,leadership-reporting,25,10/16/2026,8/3/2026,10/16/2026,3,3,3,6
6/10/2026,Access & Reporting,Sales Reporting,sales-reporting,25,9/4/2026,8/3/2026,9/4/2026,3,3,3,6
6/10/2026,CRM Processes,FDD processes,fdd-processes,95,6/26/2026,6/15/2026,6/26/2026,5,3,2.5,5.5
6/10/2026,CRM Processes,Organization Hierarchy tracking (RLS),organization-hierarchy-tracking-rls,50,8/7/2026,6/15/2026,8/7/2026,3,2,3,5
6/10/2026,Data Integration,Attachments,attachments,95,,,,5,3,1,4
6/10/2026,Data Integration,Direct data connections,direct-data-connections,70,9/4/2026,8/3/2026,9/4/2026,5,1.5,1.5,3
6/10/2026,Data Integration,Finance integration,finance-integration,40,9/4/2026,8/3/2026,9/4/2026,2,2,2.5,4.5
6/10/2026,Data Integration,Innovation team integration,innovation-team-integration,40,9/25/2026,8/3/2026,9/25/2026,2,2,2.5,4.5
6/17/2026,Access & Reporting,Accounting/ Finance Reporting,accounting-finance-reporting,25,10/16/2026,8/3/2026,10/16/2026,3,2.5,2.5,5
6/17/2026,Access & Reporting,Leadership Reporting,leadership-reporting,25,10/16/2026,8/3/2026,10/16/2026,3,3,3,6
6/17/2026,Access & Reporting,Sales Reporting,sales-reporting,25,9/4/2026,8/3/2026,9/4/2026,3,3,3,6
6/17/2026,CRM Processes,FDD processes,fdd-processes,99,6/26/2026,6/15/2026,6/26/2026,5,3,2.5,5.5
6/17/2026,CRM Processes,Organization Hierarchy tracking (RLS),organization-hierarchy-tracking-rls,55,8/7/2026,6/15/2026,8/7/2026,3,2,3,5
6/17/2026,Data Integration,Attachments,attachments,95,,,,5,3,1,4
6/17/2026,Data Integration,Direct data connections,direct-data-connections,70,9/4/2026,8/3/2026,9/4/2026,5,1.5,1.5,3
6/17/2026,Data Integration,Finance integration,finance-integration,40,9/4/2026,8/3/2026,9/4/2026,2,2,2.5,4.5
6/17/2026,Data Integration,Innovation team integration,innovation-team-integration,40,9/25/2026,8/3/2026,9/25/2026,2,2,2.5,4.5
6/24/2026,Access & Reporting,Accounting/ Finance Reporting,accounting-finance-reporting,25,10/16/2026,8/3/2026,10/16/2026,3,2.5,2.5,5
6/24/2026,Access & Reporting,Leadership Reporting,leadership-reporting,25,10/16/2026,8/3/2026,10/16/2026,3,3,3,6
6/24/2026,Access & Reporting,Sales Reporting,sales-reporting,25,9/4/2026,8/3/2026,9/4/2026,3,3,3,6
6/24/2026,CRM Processes,FDD processes,fdd-processes,99,6/26/2026,6/15/2026,6/26/2026,5,3,2.5,5.5
6/24/2026,CRM Processes,Organization Hierarchy tracking (RLS),organization-hierarchy-tracking-rls,60,8/7/2026,6/15/2026,8/7/2026,3,2,3,5
6/24/2026,Data Integration,Attachments,attachments,95,,,,5,3,1,4
6/24/2026,Data Integration,Direct data connections,direct-data-connections,70,9/4/2026,8/3/2026,9/4/2026,5,1.5,1.5,3
6/24/2026,Data Integration,Finance integration,finance-integration,40,9/4/2026,8/3/2026,9/4/2026,3,2,2.5,4.5
6/24/2026,Data Integration,Innovation team integration,innovation-team-integration,40,9/25/2026,8/3/2026,9/25/2026,3,2,2.5,4.5
7/1/2026,Access & Reporting,Accounting/ Finance Reporting,accounting-finance-reporting,30,10/16/2026,8/3/2026,10/16/2026,3,2.5,2.5,5
7/1/2026,Access & Reporting,Leadership Reporting,leadership-reporting,30,10/16/2026,8/3/2026,10/16/2026,3,3,3,6
7/1/2026,Access & Reporting,Sales Reporting,sales-reporting,30,9/4/2026,8/3/2026,9/4/2026,3,3,3,6
7/1/2026,CRM Processes,FDD processes,fdd-processes,99,7/15/2026,6/15/2026,7/15/2026,5,3,2.5,5.5
7/1/2026,CRM Processes,Organization Hierarchy tracking (RLS),organization-hierarchy-tracking-rls,65,8/7/2026,6/15/2026,8/7/2026,3,2,3,5
7/1/2026,Data Integration,Attachments,attachments,95,,,,5,3,1,4
7/1/2026,Data Integration,Direct data connections,direct-data-connections,70,9/4/2026,8/3/2026,9/4/2026,5,1.5,1.5,3
7/1/2026,Data Integration,Finance integration,finance-integration,40,9/4/2026,8/3/2026,9/4/2026,3,2,2.5,4.5
7/1/2026,Data Integration,Innovation team integration,innovation-team-integration,40,9/25/2026,8/3/2026,9/25/2026,3,2,2.5,4.5
7/8/2026,Access & Reporting,Accounting/ Finance Reporting,accounting-finance-reporting,30,10/16/2026,8/3/2026,10/16/2026,3,2.5,2.5,5
7/8/2026,Access & Reporting,Leadership Reporting,leadership-reporting,30,10/16/2026,8/3/2026,10/16/2026,3,3,3,6
7/8/2026,Access & Reporting,Sales Reporting,sales-reporting,30,9/4/2026,8/3/2026,9/4/2026,3,3,3,6
7/8/2026,CRM Processes,FDD processes,fdd-processes,99,7/15/2026,6/15/2026,7/15/2026,5,3,2.5,5.5
7/8/2026,CRM Processes,Organization Hierarchy tracking (RLS),organization-hierarchy-tracking-rls,65,8/7/2026,6/15/2026,8/7/2026,3,2,3,5
7/8/2026,Data Integration,Attachments,attachments,95,,,,5,3,1,4
7/8/2026,Data Integration,Direct data connections,direct-data-connections,70,9/4/2026,8/3/2026,9/4/2026,5,1.5,1.5,3
7/8/2026,Data Integration,Finance integration,finance-integration,40,9/4/2026,8/3/2026,9/4/2026,3,2,2.5,4.5
7/8/2026,Data Integration,Innovation team integration,innovation-team-integration,40,9/25/2026,8/3/2026,9/25/2026,3,2,2.5,4.5
7/15/2026,Access & Reporting,Accounting/ Finance Reporting,accounting-finance-reporting,35,10/16/2026,8/3/2026,10/16/2026,3,2.5,2.5,5
7/15/2026,Access & Reporting,Leadership Reporting,leadership-reporting,35,10/16/2026,8/3/2026,10/16/2026,3,3,3,6
7/15/2026,Access & Reporting,Sales Reporting,sales-reporting,35,9/4/2026,8/3/2026,9/4/2026,3,3,3,6
7/15/2026,CRM Processes,FDD processes,fdd-processes,99,7/15/2026,6/15/2026,7/17/2026,5,3,2.5,5.5
7/15/2026,CRM Processes,Organization Hierarchy tracking (RLS),organization-hierarchy-tracking-rls,65,8/7/2026,6/15/2026,8/7/2026,3,2,3,5
7/15/2026,Data Integration,Attachments,attachments,95,,,,5,3,1,4
7/15/2026,Data Integration,Direct data connections,direct-data-connections,70,9/4/2026,8/3/2026,9/4/2026,5,1.5,1.5,3
7/15/2026,Data Integration,Finance integration,finance-integration,40,9/4/2026,8/3/2026,9/4/2026,3,2,2.5,4.5
7/15/2026,Data Integration,Innovation team integration,innovation-team-integration,40,9/25/2026,8/3/2026,9/25/2026,3,2,2.5,4.5
7/22/2026,Access & Reporting,Accounting/ Finance Reporting,accounting-finance-reporting,40,10/16/2026,8/3/2026,10/16/2026,3,2.5,2.5,5
7/22/2026,Access & Reporting,Leadership Reporting,leadership-reporting,40,10/16/2026,8/3/2026,10/16/2026,3,3,3,6
7/22/2026,Access & Reporting,Sales Reporting,sales-reporting,40,9/4/2026,8/3/2026,9/4/2026,3,3,3,6
7/22/2026,CRM Processes,FDD processes,fdd-processes,99,7/15/2026,6/15/2026,7/17/2026,5,3,2.5,5.5
7/22/2026,CRM Processes,Organization Hierarchy tracking (RLS),organization-hierarchy-tracking-rls,70,8/7/2026,6/15/2026,8/7/2026,3,2,3,5
7/22/2026,Data Integration,Attachments,attachments,95,,,,5,3,1,4
7/22/2026,Data Integration,Direct data connections,direct-data-connections,75,9/4/2026,8/3/2026,9/4/2026,5,1.5,1.5,3
7/22/2026,Data Integration,Finance integration,finance-integration,45,9/4/2026,8/3/2026,9/4/2026,3,2,2.5,4.5
7/22/2026,Data Integration,Innovation team integration,innovation-team-integration,45,9/25/2026,8/3/2026,9/25/2026,3,2,2.5,4.5
7/29/2026,Access & Reporting,Accounting/ Finance Reporting,accounting-finance-reporting,50,10/16/2026,8/3/2026,10/16/2026,3,2.5,2.5,5
7/29/2026,Access & Reporting,Leadership Reporting,leadership-reporting,50,10/16/2026,8/3/2026,10/16/2026,3,3,3,6
7/29/2026,Access & Reporting,Sales Reporting,sales-reporting,45,9/4/2026,8/3/2026,9/4/2026,3,3,3,6
7/29/2026,CRM Processes,FDD processes,fdd-processes,100,7/15/2026,6/15/2026,7/17/2026,6,3,2.5,5.5
7/29/2026,CRM Processes,Organization Hierarchy tracking (RLS),organization-hierarchy-tracking-rls,70,8/7/2026,6/15/2026,8/7/2026,3,2,3,5
7/29/2026,Data Integration,Attachments,attachments,99,,,,5,3,1,4
7/29/2026,Data Integration,Direct data connections,direct-data-connections,80,9/4/2026,8/3/2026,9/4/2026,5,1.5,1.5,3
7/29/2026,Data Integration,Finance integration,finance-integration,60,9/4/2026,8/3/2026,9/4/2026,3,2,2.5,4.5
7/29/2026,Data Integration,Innovation team integration,innovation-team-integration,55,9/25/2026,8/3/2026,9/25/2026,3,2,2.5,4.5
8/5/2026,Access & Reporting,Accounting/ Finance Reporting,accounting-finance-reporting,50,10/16/2026,8/3/2026,10/16/2026,3,2.5,2.5,5
8/5/2026,Access & Reporting,Leadership Reporting,leadership-reporting,50,10/16/2026,8/3/2026,10/16/2026,3,3,3,6
8/5/2026,Access & Reporting,Sales Reporting,sales-reporting,45,9/4/2026,8/3/2026,9/4/2026,3,3,3,6
8/5/2026,CRM Processes,FDD processes,fdd-processes,100,7/15/2026,6/15/2026,7/17/2026,6,3,2.5,5.5
8/5/2026,CRM Processes,Organization Hierarchy tracking (RLS),organization-hierarchy-tracking-rls,70,8/7/2026,6/15/2026,8/7/2026,3,2,3,5
8/5/2026,Data Integration,Attachments,attachments,99,,,,5,3,1,4
8/5/2026,Data Integration,Direct data connections,direct-data-connections,80,9/4/2026,8/3/2026,9/4/2026,5,1.5,1.5,3
8/5/2026,Data Integration,Finance integration,finance-integration,60,9/4/2026,8/3/2026,9/4/2026,3,2,2.5,4.5
8/5/2026,Data Integration,Innovation team integration,innovation-team-integration,55,9/25/2026,8/3/2026,9/25/2026,3,2,2.5,4.5
8/12/2026,Access & Reporting,Accounting/ Finance Reporting,accounting-finance-reporting,55,10/16/2026,8/3/2026,10/16/2026,3,2.5,2.5,5
8/12/2026,Access & Reporting,Leadership Reporting,leadership-reporting,50,10/16/2026,8/3/2026,10/16/2026,3,3,3,6
8/12/2026,Access & Reporting,Sales Reporting,sales-reporting,45,9/4/2026,8/3/2026,9/4/2026,3,3,3,6
8/12/2026,CRM Processes,FDD processes,fdd-processes,100,7/15/2026,6/15/2026,7/17/2026,6,3,2.5,5.5
8/12/2026,CRM Processes,Organization Hierarchy tracking (RLS),organization-hierarchy-tracking-rls,70,8/7/2026,6/15/2026,8/7/2026,3,2,3,5
8/12/2026,Data Integration,Attachments,attachments,99,,,,5,3,1,4
8/12/2026,Data Integration,Direct data connections,direct-data-connections,80,9/4/2026,8/3/2026,9/4/2026,5,1.5,1.5,3
8/12/2026,Data Integration,Finance integration,finance-integration,60,9/4/2026,8/3/2026,9/4/2026,3,2,2.5,4.5
8/12/2026,Data Integration,Innovation team integration,innovation-team-integration,55,9/25/2026,8/3/2026,9/25/2026,3,2,2.5,4.5
8/19/2026,Access & Reporting,Accounting/ Finance Reporting,accounting-finance-reporting,60,10/16/2026,8/3/2026,10/16/2026,3,2.5,2.5,5
8/19/2026,Access & Reporting,Leadership Reporting,leadership-reporting,60,10/16/2026,8/3/2026,10/16/2026,3,3,3,6
8/19/2026,Access & Reporting,Sales Reporting,sales-reporting,45,10/31/2026,8/3/2026,10/31/2026,3,3,3,6
8/19/2026,CRM Processes,FDD processes,fdd-processes,100,7/15/2026,6/15/2026,7/17/2026,6,3,2.5,5.5
8/19/2026,CRM Processes,Organization Hierarchy tracking (RLS),organization-hierarchy-tracking-rls,75,9/15/2026,6/15/2026,9/15/2026,3,2,3,5
8/19/2026,Data Integration,Attachments,attachments,99,10/31/2026,,10/31/2026,5,3,1,4
8/19/2026,Data Integration,Direct data connections,direct-data-connections,80,10/1/2026,8/3/2026,10/1/2026,5,1.5,1.5,3
8/19/2026,Data Integration,Finance integration,finance-integration,65,10/1/2026,8/3/2026,10/1/2026,3,2,2.5,4.5
8/19/2026,Data Integration,Innovation team integration,innovation-team-integration,60,9/25/2026,8/3/2026,9/25/2026,3,2,2.5,4.5
